{"0":{"fittest":0,"fitness":{"0":0.1,"7":0.1,"1":0.1,"4":0.1,"6":0.1,"3":0.1,"2":0.1,"9":0.1,"5":0.1,"8":0.1}},"1":{"fittest":8,"fitness":{"0":0.73333335,"7":0.71666664,"1":0.71666664,"4":0.73333335,"6":0.75,"3":0.73333335,"2":0.73333335,"9":0.75,"5":0.71666664,"8":0.35}},"2":{"fittest":0,"fitness":{"0":0.2945055,"7":0.29615384,"1":0.29615384,"4":0.29615384,"6":0.29615384,"3":0.29615384,"2":0.29615384,"9":0.29615384,"5":0.29615384,"8":0.29615384}},"3":{"fittest":0,"fitness":{"0":0.1,"7":0.10625,"1":0.1,"4":0.1,"6":0.10625,"3":0.1,"2":0.1,"9":0.10625,"5":0.1,"8":0.10625}}}